angelaMerkel1.jpg;1
angelaMerkel2.jpg;1
angelaMerkel3.jpg;1
angelaMerkel4.jpg;1
angelaMerkel5.jpg;1
angelaMerkel6.jpg;1
angelinaJolie1.jpg;2
angelinaJolie2.jpg;2
angelinaJolie3.jpg;2
angelinaJolie4.jpg;2
angelinaJolie5.jpg;2
angelinaJolie6.jpg;2
baracObama1.jpg;3
baracObama2.jpg;3
baracObama3.jpg;3
baracObama4.jpg;3
baracObama5.jpg;3
baracObama6.jpg;3
billGates1.jpg;4
billGates2.jpg;4
billGates3.jpg;4
billGates4.jpg;4
billGates5.jpg;4
billGates6.jpg;4
CR7_1.jpg;5
CR7_2.jpg;5
CR7_3.jpg;5
CR7_4.jpg;5
CR7_5.jpg;5
CR7_6.jpg;5
nelsonMandela1.jpg;6
nelsonMandela2.jpg;6
nelsonMandela3.jpg;6
nelsonMandela4.jpg;6
nelsonMandela5.jpg;6
nelsonMandela6.jpg;6
passoCoelho1.jpg;7
passoCoelho2.jpg;7
passoCoelho3.jpg;7
passoCoelho4.jpg;7
passoCoelho5.jpg;7
passoCoelho6.jpg;7
steveJobs1.jpg;8
steveJobs2.jpg;8
steveJobs3.jpg;8
steveJobs4.jpg;8
steveJobs5.jpg;8
steveJobs6.jpg;8
